analysis,target,n,R2_base,R2_full,deltaR2,p_deltaR2,null_dR2_mean,null_dR2_p95
A4_alpha,alpha_consensus,550,0.3203777722280736,0.33665235467316534,0.016274582445091723,0.000999000999000999,-0.0025280030647662154,0.002463521090122006
A4_lag,lag_consensus,574,-0.0076898658117452445,0.017444125353201834,0.025133991164947078,0.000999000999000999,-0.005870425955793813,0.00236533229987736
