,coef_alpha_A1,coef_lag_A2
me3_prom,-0.0,-0.0013308075415989812
ac_prom,0.0,0.0
me3_breadth,-0.0,-0.0025512376985042523
ac_enh,0.0,-0.0019770050763558197
me1_enh,0.005610953384274608,-0.0215045835488476
n_links,0.02020233447475631,-0.009129328481834344
cpg_prom,-0.01712456643994307,-0.0
baseline_expr,0.05841232752031985,-0.0
gene_length_log10,-0.10110797814841062,-0.01219184267578339
