analysis,target,n,n_feat,en_alpha,R2_EN,spearman_EN,p_EN,R2_GBM,spearman_GBM,p_GBM,null_R2_EN_mean,null_R2_EN_p95
A1_alpha_full,alpha_consensus,550,9,0.018863337856831298,0.33665235467316534,0.5720537378185172,0.000999000999000999,0.3651417115335489,0.5974054670053004,0.004975124378109453,-0.008038610277390114,0.0030187469292320777
A2_lag_full,lag_consensus,574,9,0.008993819064858376,0.017444125353201834,0.1432445821710339,0.001998001998001998,-0.037641928750258735,0.15047794598787584,0.009950248756218905,-0.008939245447163064,0.0026933288379436308
A3_lagreprod_full,lag_reprod,533,9,0.01804925148997123,-0.002827877112932864,-0.04118126714880447,0.35764235764235763,-0.18861914509796374,-0.07284580530314762,0.9552238805970149,-0.004448797905652148,-0.0006639129333957063
