model,dAUC_obs,perm_mean,perm_sd,perm_p_onesided,B
M1_full_lag,-0.03428093645484953,0.04585785953177258,0.1084605003446401,0.7591204397801099,2000
M2_full_locked,-0.02926421404682275,0.07814841137123746,0.13934693359793912,0.7476261869065467,2000
M3_sec_atac,-0.0033444816053511683,0.0647098662207358,0.13236691380653626,0.6266866566716641,2000
M4_sec_alpha,-0.08528428093645486,0.04298954849498328,0.11440160937302464,0.9725137431284357,2000
