model,features,n_params,cv_auc,mcfadden_r2,converged,dAUC_vs_base,dR2_vs_base,LR_p_vs_base,added_params
M0_base_decay,log_thalf,2,0.16304347826086957,3.250433498058758e-05,True,0.0,0.0,,0
M1_full_lag,log_thalf+lag,3,0.12876254180602004,0.0006380837495556513,True,-0.03428093645484953,0.0006055794145750637,0.8112438068276916,1
M2_full_locked,log_thalf+lag+prom_acc+enh_acc,5,0.13377926421404682,0.0023975304928809393,True,-0.02926421404682275,0.0023650261579003518,0.9738361534762159,3
M3_sec_atac,log_thalf+prom_acc+enh_acc,4,0.1596989966555184,0.0017332642785807817,True,-0.0033444816053511683,0.0017007599436001941,0.9230313349697633,2
M4_sec_alpha,log_thalf+alpha_c,3,0.0777591973244147,7.228235377421122e-05,True,-0.08528428093645486,3.977801879362364e-05,0.9511933674059585,1
