{
  "rna_only__K562_todorovski": {
    "all": {
      "tag": "all",
      "n": 96,
      "censor_frac": 0.08055935552515579,
      "rho_gamma_thalf": 0.084,
      "ci_thalf": [
        -0.122,
        0.286
      ],
      "rho_gamma_kdeg": -0.084,
      "ci_kdeg": [
        -0.287,
        0.124
      ],
      "p_thalf": 0.41627926237920476,
      "recovers": false
    },
    "non_HK": {
      "tag": "non_HK",
      "n": 87,
      "censor_frac": 0.08055935552515579,
      "rho_gamma_thalf": 0.118,
      "ci_thalf": [
        -0.092,
        0.321
      ],
      "rho_gamma_kdeg": -0.118,
      "ci_kdeg": [
        -0.32,
        0.091
      ],
      "p_thalf": 0.2761829814127693,
      "recovers": false
    },
    "HK": {
      "tag": "HK",
      "n": 9,
      "censor_frac": 0.08055935552515579,
      "rho_gamma_thalf": -0.067,
      "ci_thalf": [
        -0.897,
        0.739
      ],
      "rho_gamma_kdeg": 0.067,
      "ci_kdeg": [
        -0.739,
        0.897
      ],
      "p_thalf": 0.8646897846262037,
      "recovers": false
    },
    "uncensored": {
      "tag": "uncensored",
      "n": 86,
      "censor_frac": 0.08055935552515579,
      "rho_gamma_thalf": -0.013,
      "ci_thalf": [
        -0.225,
        0.203
      ],
      "rho_gamma_kdeg": 0.013,
      "ci_kdeg": [
        -0.197,
        0.227
      ],
      "p_thalf": 0.9063191169909977,
      "recovers": false
    }
  },
  "multivelo__K562_todorovski": {
    "all": {
      "tag": "all",
      "n": 116,
      "censor_frac": 0.08055935552515579,
      "rho_gamma_thalf": -0.113,
      "ci_thalf": [
        -0.291,
        0.072
      ],
      "rho_gamma_kdeg": 0.113,
      "ci_kdeg": [
        -0.078,
        0.292
      ],
      "p_thalf": 0.22619251319439623,
      "recovers": false
    },
    "non_HK": {
      "tag": "non_HK",
      "n": 104,
      "censor_frac": 0.08055935552515579,
      "rho_gamma_thalf": -0.053,
      "ci_thalf": [
        -0.252,
        0.146
      ],
      "rho_gamma_kdeg": 0.053,
      "ci_kdeg": [
        -0.147,
        0.247
      ],
      "p_thalf": 0.5924436040986412,
      "recovers": false
    },
    "HK": {
      "tag": "HK",
      "n": 12,
      "censor_frac": 0.08055935552515579,
      "rho_gamma_thalf": -0.385,
      "ci_thalf": [
        -0.814,
        0.321
      ],
      "rho_gamma_kdeg": 0.385,
      "ci_kdeg": [
        -0.324,
        0.809
      ],
      "p_thalf": 0.21702022575997748,
      "recovers": false
    },
    "uncensored": {
      "tag": "uncensored",
      "n": 107,
      "censor_frac": 0.08055935552515579,
      "rho_gamma_thalf": -0.125,
      "ci_thalf": [
        -0.309,
        0.069
      ],
      "rho_gamma_kdeg": 0.125,
      "ci_kdeg": [
        -0.076,
        0.31
      ],
      "p_thalf": 0.19956739397346882,
      "recovers": false
    }
  },
  "multivelovae__K562_todorovski": {
    "all": {
      "tag": "all",
      "n": 126,
      "censor_frac": 0.08055935552515579,
      "rho_gamma_thalf": 0.066,
      "ci_thalf": [
        -0.109,
        0.235
      ],
      "rho_gamma_kdeg": -0.066,
      "ci_kdeg": [
        -0.238,
        0.113
      ],
      "p_thalf": 0.4645108996392915,
      "recovers": false
    },
    "non_HK": {
      "tag": "non_HK",
      "n": 113,
      "censor_frac": 0.08055935552515579,
      "rho_gamma_thalf": 0.011,
      "ci_thalf": [
        -0.176,
        0.195
      ],
      "rho_gamma_kdeg": -0.011,
      "ci_kdeg": [
        -0.198,
        0.175
      ],
      "p_thalf": 0.9037794672519219,
      "recovers": false
    },
    "HK": {
      "tag": "HK",
      "n": 13,
      "censor_frac": 0.08055935552515579,
      "rho_gamma_thalf": 0.538,
      "ci_thalf": [
        -0.048,
        0.88
      ],
      "rho_gamma_kdeg": -0.538,
      "ci_kdeg": [
        -0.877,
        0.033
      ],
      "p_thalf": 0.057634433470466075,
      "recovers": false
    },
    "uncensored": {
      "tag": "uncensored",
      "n": 115,
      "censor_frac": 0.08055935552515579,
      "rho_gamma_thalf": -0.004,
      "ci_thalf": [
        -0.193,
        0.187
      ],
      "rho_gamma_kdeg": 0.004,
      "ci_kdeg": [
        -0.183,
        0.194
      ],
      "p_thalf": 0.9686886460355183,
      "recovers": false
    }
  },
  "rna_only__THP1_todorovski": {
    "all": {
      "tag": "all",
      "n": 156,
      "censor_frac": 0.034280817026139124,
      "rho_gamma_thalf": 0.152,
      "ci_thalf": [
        -0.012,
        0.308
      ],
      "rho_gamma_kdeg": -0.152,
      "ci_kdeg": [
        -0.312,
        0.009
      ],
      "p_thalf": 0.05809162249204422,
      "recovers": false
    },
    "non_HK": {
      "tag": "non_HK",
      "n": 144,
      "censor_frac": 0.034280817026139124,
      "rho_gamma_thalf": 0.167,
      "ci_thalf": [
        -0.001,
        0.328
      ],
      "rho_gamma_kdeg": -0.167,
      "ci_kdeg": [
        -0.324,
        0.002
      ],
      "p_thalf": 0.045054521167246155,
      "recovers": false
    },
    "HK": {
      "tag": "HK",
      "n": 12,
      "censor_frac": 0.034280817026139124,
      "rho_gamma_thalf": -0.049,
      "ci_thalf": [
        -0.732,
        0.612
      ],
      "rho_gamma_kdeg": 0.049,
      "ci_kdeg": [
        -0.62,
        0.736
      ],
      "p_thalf": 0.8799185788786749,
      "recovers": false
    },
    "uncensored": {
      "tag": "uncensored",
      "n": 145,
      "censor_frac": 0.034280817026139124,
      "rho_gamma_thalf": 0.068,
      "ci_thalf": [
        -0.096,
        0.233
      ],
      "rho_gamma_kdeg": -0.068,
      "ci_kdeg": [
        -0.236,
        0.096
      ],
      "p_thalf": 0.41318173671654757,
      "recovers": false
    }
  },
  "multivelo__THP1_todorovski": {
    "all": {
      "tag": "all",
      "n": 178,
      "censor_frac": 0.034280817026139124,
      "rho_gamma_thalf": -0.023,
      "ci_thalf": [
        -0.172,
        0.124
      ],
      "rho_gamma_kdeg": 0.023,
      "ci_kdeg": [
        -0.123,
        0.17
      ],
      "p_thalf": 0.7617482767444357,
      "recovers": false
    },
    "non_HK": {
      "tag": "non_HK",
      "n": 161,
      "censor_frac": 0.034280817026139124,
      "rho_gamma_thalf": -0.028,
      "ci_thalf": [
        -0.185,
        0.127
      ],
      "rho_gamma_kdeg": 0.028,
      "ci_kdeg": [
        -0.127,
        0.183
      ],
      "p_thalf": 0.7245571748324303,
      "recovers": false
    },
    "HK": {
      "tag": "HK",
      "n": 17,
      "censor_frac": 0.034280817026139124,
      "rho_gamma_thalf": -0.086,
      "ci_thalf": [
        -0.586,
        0.465
      ],
      "rho_gamma_kdeg": 0.086,
      "ci_kdeg": [
        -0.428,
        0.578
      ],
      "p_thalf": 0.7433950261372769,
      "recovers": false
    },
    "uncensored": {
      "tag": "uncensored",
      "n": 169,
      "censor_frac": 0.034280817026139124,
      "rho_gamma_thalf": -0.017,
      "ci_thalf": [
        -0.163,
        0.132
      ],
      "rho_gamma_kdeg": 0.017,
      "ci_kdeg": [
        -0.131,
        0.167
      ],
      "p_thalf": 0.8311278555482154,
      "recovers": false
    }
  },
  "multivelovae__THP1_todorovski": {
    "all": {
      "tag": "all",
      "n": 193,
      "censor_frac": 0.034280817026139124,
      "rho_gamma_thalf": -0.094,
      "ci_thalf": [
        -0.237,
        0.055
      ],
      "rho_gamma_kdeg": 0.094,
      "ci_kdeg": [
        -0.056,
        0.238
      ],
      "p_thalf": 0.19441964646933305,
      "recovers": false
    },
    "non_HK": {
      "tag": "non_HK",
      "n": 176,
      "censor_frac": 0.034280817026139124,
      "rho_gamma_thalf": -0.12,
      "ci_thalf": [
        -0.269,
        0.036
      ],
      "rho_gamma_kdeg": 0.12,
      "ci_kdeg": [
        -0.033,
        0.271
      ],
      "p_thalf": 0.11191482226269206,
      "recovers": false
    },
    "HK": {
      "tag": "HK",
      "n": 17,
      "censor_frac": 0.034280817026139124,
      "rho_gamma_thalf": 0.186,
      "ci_thalf": [
        -0.394,
        0.672
      ],