lineage,n_gene,median_lag,mean_lag,iqr_low,iqr_high,pos_frac,is_rare
Baso/Eo/Mast,62,5.183103492414997,5.98937128810377,2.0860381938505297,8.900698430274408,1.0,True
Erythroid,52,4.2939879524088065,5.738780668343093,2.078533311962464,7.662413628823834,1.0,False
HSC/MPP,177,5.965447382442305,6.243675130374568,3.2213824197981835,9.230282078647473,1.0,False
Lymphoid,48,7.431621475362045,6.942140291160787,2.472358453365546,9.461945321332792,1.0,False
MK,137,5.87383147908512,6.418611354979011,3.35502715891103,8.46683056957107,1.0,True
Myeloid,62,6.676128556320139,6.390275063875166,3.316334732517789,9.020918666063324,1.0,False
