section,label,n,rho,lo,hi
within_alpha,floorГ—MV,846,0.9112311980039997,0.8973243136757327,0.9227869301643904
within_alpha,floorГ—VAE,1001,0.9270205483139615,0.9153552237335473,0.9365625094354536
within_alpha,MVГ—VAE,969,0.9529479951601811,0.9455666734553594,0.9589169557117171
within_lag,MVГ—VAE,969,-0.025870583117979684,-0.08867092320457663,0.03821619065064866
delta_rho,MVГ—VAE,969,0.9788185782781609,0.9156511165189795,1.0414830125754637
cross_alpha,HSPCГ—gastr,111,0.4149701649701649,0.24379871724657895,0.5606713948575612
cross_lag,HSPCГ—gastr,111,0.02842225342225342,-0.16526369067500402,0.22371266445819063
per_gene_disagree,"lag[MoFlow `cs_lag_median` (HSPC мӣҗм •мқҳ, л¶Җнҳё мң м§Җ)]|alpha",968,0.29390495867768596,0.05159958720330238,
