rho_target,rho_realized,power,trials
0.0,0.0022242035802543573,0.11,100
0.03,0.02416952013741215,0.16,100
0.05,0.04867752815366327,0.39,100
0.08,0.07952678451357517,0.58,100
0.1,0.09876474460004728,0.79,100
0.15,0.15295735016476342,0.99,100
0.2,0.20295641164151534,1.0,100
0.3,0.3021377646070903,1.0,100
