{
  "seed": 20260719,
  "systems": [
    {
      "system": "gastrulation (GSE205117, mouse)",
      "n_cells": 10779,
      "n_genes": 847,
      "n_mm_pairs": 3,
      "n_mr_pairs": 3,
      "inconclusive": false,
      "mm_median_raw": 0.059534523636102676,
      "mr_median_raw": 0.188845694065094,
      "paired_delta_raw": -0.15908117592334747,
      "ci_raw": [
        -0.16186408698558807,
        -0.15598176419734955
      ],
      "replicated_raw": true,
      "contradicted_raw": false,
      "mm_median_centered": 0.08039972931146622,
      "mr_median_centered": 0.21997714042663574,
      "paired_delta_centered": -0.17223675549030304,
      "ci_centered": [
        -0.17517903447151184,
        -0.1694859117269516
      ],
      "replicated_centered": true,
      "contradicted_centered": false,
      "replicated": true,
      "contradicted": false
    },
    {
      "system": "macrophage",
      "n_cells": 3572,
      "n_genes": 702,
      "n_mm_pairs": 1,
      "n_mr_pairs": 2,
      "inconclusive": false,
      "mm_median_raw": 0.2803880572319031,
      "mr_median_raw": 0.4315270483493805,
      "paired_delta_raw": -0.15174996852874756,
      "ci_raw": [
        -0.1714121699333191,
        -0.1334673911333084
      ],
      "replicated_raw": true,
      "contradicted_raw": false,
      "mm_median_centered": -0.16578346490859985,
      "mr_median_centered": 0.23972666263580322,
      "paired_delta_centered": -0.4065338373184204,
      "ci_centered": [
        -0.416879802942276,
        -0.3979748785495758
      ],
      "replicated_centered": true,
      "contradicted_centered": false,
      "replicated": true,
      "contradicted": false
    },
    {
      "system": "BMMC (GSE194122)",
      "n_cells": 2850,
      "n_genes": 232,
      "n_mm_pairs": 1,
      "n_mr_pairs": 2,
      "inconclusive": false,
      "mm_median_raw": -0.05459224805235863,
      "mr_median_raw": 0.23483501374721527,
      "paired_delta_raw": -0.28892993927001953,
      "ci_raw": [
        -0.3003743588924408,
        -0.27893510460853577
      ],
      "replicated_raw": true,
      "contradicted_raw": false,
      "mm_median_centered": -0.11028720438480377,
      "mr_median_centered": 0.16845571994781494,
      "paired_delta_centered": -0.28114789724349976,
      "ci_centered": [
        -0.29385656118392944,
        -0.2683451175689697
      ],
      "replicated_centered": true,
      "contradicted_centered": false,
      "replicated": true,
      "contradicted": false
    },
    {
      "system": "E18 mouse brain",
      "n_cells": 4423,
      "n_genes": 973,
      "n_mm_pairs": 1,
      "n_mr_pairs": 2,
      "inconclusive": false,
      "mm_median_raw": 0.10772432386875153,
      "mr_median_raw": 0.26827189326286316,
      "paired_delta_raw": -0.1838650107383728,
      "ci_raw": [
        -0.19147780537605286,
        -0.17608916759490967
      ],
      "replicated_raw": true,
      "contradicted_raw": false,
      "mm_median_centered": 0.10810516029596329,
      "mr_median_centered": 0.25263017416000366,
      "paired_delta_centered": -0.18207529187202454,
      "ci_centered": [
        -0.19321826100349426,
        -0.1734316051006317
      ],
      "replicated_centered": true,
      "contradicted_centered": false,
      "replicated": true,
      "contradicted": false
    }
  ],
  "pairs": [
    {
      "system": "gastrulation (GSE205117, mouse)",
      "pair": "MultiVelo x MoFlow",
      "kind": "multiome x multiome",
      "cell_cos_median": -0.002707777079194784,
      "cell_cos_null_shuffled": -0.0005234684213064611,
      "cell_cos_excess": -0.002184308657888323,
      "centered_cos_median": -0.00042297717300243676,
      "gene_cos_median": 0.00023006778792478144,
      "gene_cos_null_gene_shuffled": 0.004296175204217434,
      "gene_cos_excess": -0.0040661074162926525,
      "sign_agreement": 0.5049899837238694,
      "n_sign_used": 5893907,
      "n_sign_excluded_zero": 3235906
    },
    {
      "system": "gastrulation (GSE205117, mouse)",
      "pair": "MultiVelo x MultiVeloVAE",
      "kind": "multiome x multiome",
      "cell_cos_median": 0.19982312619686127,
      "cell_cos_null_shuffled": 0.03782344236969948,
      "cell_cos_excess": 0.1619996838271618,
      "centered_cos_median": 0.24037142097949982,
      "gene_cos_median": 0.251178503036499,
      "gene_cos_null_gene_shuffled": 0.021375516429543495,
      "gene_cos_excess": 0.22980298660695553,
      "sign_agreement": 0.5441419664571163,
      "n_sign_used": 7735292,
      "n_sign_excluded_zero": 1394521
    },
    {
      "system": "gastrulation (GSE205117, mouse)",
      "pair": "MultiVelo x scVelo(RNA)",
      "kind": "multiome x RNA-only",
      "cell_cos_median": 0.3956798315048218,
      "cell_cos_null_shuffled": 0.08384764194488525,
      "cell_cos_excess": 0.3118321895599365,
      "centered_cos_median": 0.4316744804382324,
      "gene_cos_median": 0.4368989169597626,
      "gene_cos_null_gene_shuffled": 0.05534520000219345,
      "gene_cos_excess": 0.3815537169575691,
      "sign_agreement": 0.6022649197165535,
      "n_sign_used": 6514668,
      "n_sign_excluded_zero": 2615145
    },
    {
      "system": "gastrulation (GSE205117, mouse)",
      "pair": "MoFlow x MultiVeloVAE",
      "kind": "multiome x multiome",
      "cell_cos_median": -0.010549568571150303,
      "cell_cos_null_shuffled": -0.011234075762331486,
      "cell_cos_excess": 0.0006845071911811829,
      "centered_cos_median": 0.0008534637163393199,
      "gene_cos_median": -0.003687371267005801,
      "gene_cos_null_gene_shuffled": -0.004080595448613167,
      "gene_cos_excess": 0.0003932241816073656,
      "sign_agreement": 0.49640006421309335,
      "n_sign_used": 6970541,
      "n_sign_excluded_zero": 2159272
    },
    {
      "system": "gastrulation (GSE205117, mouse)",
      "pair": "MoFlow x scVelo(RNA)",
      "kind": "multiome x RNA-only",
      "cell_cos_median": -0.025280529633164406,
      "cell_cos_null_shuffled": -0.0203128382563591,
      "cell_cos_excess": -0.0049676913768053055,
      "centered_cos_median": -0.0009704707772471011,
      "gene_cos_median": -0.008423441089689732,
      "gene_cos_null_gene_shuffled": -0.004547479562461376,
      "gene_cos_excess": -0.0038759615272283554,
      "sign_agreement": 0.4822832463349013,
      "n_sign_used": 5745889,
      "n_sign_excluded_zero": 3383924
    },
    {
      "system": "gastrulation (GSE205117, mouse)",
      "pair": "MultiVeloVAE x scVelo(RNA)",
      "kind": "multiome x RNA-only",
      "cell_cos_median": 0.24699747562408447,
      "cell_cos_null_shuffled": 0.09074804186820984,
      "cell_cos_excess": 0.15624943375587463,
      "centered_cos_median": 0.2385767251253128,
      "gene_cos_median": 0.30075886845588684,
      "gene_cos_null_gene_shuffled": 0.06786363571882248,
      "gene_cos_excess": 0.23289523273706436,
      "sign_agreement": 0.5940255036148634,
      "n_sign_used": 7463491,
      "n_sign_excluded_zero": 1666322
    },
    {
      "system": "macrophage",
      "pair": "MultiVelo x MultiVeloVAE",
      "kind": "multiome x multiome",
      "cell_cos_median": 0.2803880572319031,
      "cell_cos_null_shuffled": 0.24670478701591492,
      "cell_cos_excess": 0.03368327021598816,
      "centered_cos_median": -0.16578346490859985,
      "gene_cos_median": 0.3355141282081604,
      "gene_cos_null_gene_shuffled": 0.06318223476409912,
      "gene_cos_excess": 0.2723318934440613,
      "sign_agreement": 0.5727041716665491,
      "n_sign_used": 2351722,
      "n_sign_excluded_zero": 155822
    },
    {
      "system": "macrophage",
      "pair": "MultiVelo x scVelo(RNA)",
      "kind": "multiome x RNA-only",
      "cell_cos_median": 0.6412204504013062,
      "cell_cos_null_shuffled": 0.23868556320667267,
      "cell_cos_excess": 0.4025348871946335,
      "centered_cos_median": 0.5780863761901855,
      "gene_cos_median": 0.5044817328453064,
      "gene_cos_null_gene_shuffled": 0.025066187605261803,