{
 "audit_genes": 354,
 "design": "shuffle-draw variability: same S_b, same shuffle protocol, shuffle seed varied",
 "metric": "centered cosine vs original MultiVelo velo_s; cell bootstrap B=1000 seed=20260719",
 "per_seed": {
  "0": [
   {
    "A_centered": [
     0.887088418006897,
     0.8852906674146652,
     0.8889089107513428
    ],
    "A_raw": 0.5517986416816711,
    "A_sign": 0.76912885509626,
    "B_centered": [
     0.7837377190589905,
     0.7798830732703209,
     0.787368954718113
    ],
    "B_raw": 0.4864142835140228,
    "B_sign": 0.7375996686578469,
    "delta": 0.08082002401351929,
    "delta_ci": [
     0.07919800281524658,
     0.08248841613531113
    ],
    "delta_ci_excludes_zero": true,
    "delta_n_cell": 15315,
    "delta_positive_and_significant": true,
    "file": "refit_shuf_0.h5ad",
    "n_cell": 15315,
    "n_gene": 331,
    "origin": "기존",
    "shuf_seed": 0
   },
   {
    "A_centered": [
     0.887088418006897,
     0.8852906674146652,
     0.8889089107513428
    ],
    "A_raw": 0.5517986416816711,
    "A_sign": 0.76912885509626,
    "B_centered": [
     0.7427409887313843,
     0.739454448223114,
     0.746036946773529
    ],
    "B_raw": 0.5714821219444275,
    "B_sign": 0.7487942640556545,
    "delta": 0.13132882118225098,
    "delta_ci": [
     0.12947771996259688,
     0.13288056701421738
    ],
    "delta_ci_excludes_zero": true,
    "delta_n_cell": 15315,
    "delta_positive_and_significant": true,
    "file": "refit_shufseed_b0_s101.h5ad",
    "n_cell": 15315,
    "n_gene": 331,
    "origin": "신규",
    "shuf_seed": 101
   },
   {
    "A_centered": [
     0.887088418006897,
     0.8852906674146652,
     0.8889089107513428
    ],
    "A_raw": 0.5517986416816711,
    "A_sign": 0.76912885509626,
    "B_centered": [
     0.7758688926696777,
     0.7724495530128479,
     0.7789613381028175
    ],
    "B_raw": 0.4769018888473511,
    "B_sign": 0.753196374808567,
    "delta": 0.10010963678359985,
    "delta_ci": [
     0.0987938642501831,
     0.10169046297669411
    ],
    "delta_ci_excludes_zero": true,
    "delta_n_cell": 15315,
    "delta_positive_and_significant": true,
    "file": "refit_shufseed_b0_s202.h5ad",
    "n_cell": 15315,
    "n_gene": 331,
    "origin": "신규",
    "shuf_seed": 202
   },
   {
    "A_centered": [
     0.887088418006897,
     0.8852906674146652,
     0.8889089107513428
    ],
    "A_raw": 0.5517986416816711,
    "A_sign": 0.76912885509626,
    "B_centered": [
     0.8130816221237183,
     0.809789003431797,
     0.8159109950065613
    ],
    "B_raw": 0.361939013004303,
    "B_sign": 0.7306166014270369,
    "delta": 0.05949336290359497,
    "delta_ci": [
     0.05828438997268677,
     0.06090079993009567
    ],
    "delta_ci_excludes_zero": true,
    "delta_n_cell": 15315,
    "delta_positive_and_significant": true,
    "file": "refit_shufseed_b0_s303.h5ad",
    "n_cell": 15315,
    "n_gene": 331,
    "origin": "신규",
    "shuf_seed": 303
   }
  ],
  "1": [
   {
    "A_centered": [
     0.825881838798523,
     0.824475884437561,
     0.8269956707954407
    ],
    "A_raw": 0.7587568163871765,
    "A_sign": 0.7859238445745682,
    "B_centered": [
     0.8134980201721191,
     0.809822478890419,
     0.8170501992106438
    ],
    "B_raw": 0.38562488555908203,
    "B_sign": 0.7658272256333087,
    "delta": 0.003831803798675537,
    "delta_ci": [
     0.0017372831702232362,
     0.00568871796131134
    ],
    "delta_ci_excludes_zero": true,
    "delta_n_cell": 15315,
    "delta_positive_and_significant": true,
    "file": "refit_shuf_1.h5ad",
    "n_cell": 15315,
    "n_gene": 330,
    "origin": "기존",
    "shuf_seed": 1
   },
   {
    "A_centered": [
     0.825881838798523,
     0.824475884437561,
     0.8269956707954407
    ],
    "A_raw": 0.7587568163871765,
    "A_sign": 0.7859238445745682,
    "B_centered": [
     0.7891040444374084,
     0.78547133654356,
     0.7921820878982544
    ],
    "B_raw": 0.5865164995193481,
    "B_sign": 0.7491648076621766,
    "delta": 0.024571657180786133,
    "delta_ci": [
     0.02220851629972458,
     0.02702018916606903
    ],
    "delta_ci_excludes_zero": true,
    "delta_n_cell": 15315,
    "delta_positive_and_significant": true,
    "file": "refit_shufseed_b1_s102.h5ad",
    "n_cell": 15315,
    "n_gene": 330,
    "origin": "신규",
    "shuf_seed": 102
   },
   {
    "A_centered": [
     0.825881838798523,
     0.824475884437561,
     0.8269956707954407
    ],
    "A_raw": 0.7587568163871765,
    "A_sign": 0.7859238445745682,
    "B_centered": [
     0.7772636413574219,
     0.7747971415519714,
     0.7802345424890518
    ],
    "B_raw": 0.4815845489501953,
    "B_sign": 0.7338753827218377,
    "delta": 0.03575468063354492,
    "delta_ci": [
     0.033476497232913974,
     0.038352787494659424
    ],
    "delta_ci_excludes_zero": true,
    "delta_n_cell": 15315,
    "delta_positive_and_significant": true,
    "file": "refit_shufseed_b1_s203.h5ad",
    "n_cell": 15315,
    "n_gene": 330,
    "origin": "신규",
    "shuf_seed": 203
   },
   {
    "A_centered": [
     0.825881838798523,
     0.824475884437561,
     0.8269956707954407
    ],
    "A_raw": 0.7587568163871765,
    "A_sign": 0.7859238445745682,
    "B_centered": [
     0.8173727989196777,
     0.8137440085411072,
     0.8206571877002716
    ],
    "B_raw": 0.5565083026885986,
    "B_sign": 0.7513768004291025,
    "delta": 0.0026668906211853027,
    "delta_ci": [
     0.001200239360332489,
     0.004827740788459776
    ],
    "delta_ci_excludes_zero": true,
    "delta_n_cell": 15315,
    "delta_positive_and_significant": true,
    "file": "refit_shufseed_b1_s304.h5ad",
    "n_cell": 15315,
    "n_gene": 330,
    "origin": "신규",
    "shuf_seed": 304
   }
  ],
  "2": [
   {
    "A_centered": [
     0.8843486309051514,
     0.8826535403728485,
     0.8864649534225464
    ],
    "A_raw": 0.6172508597373962,
    "A_sign": 0.7774896478884601,
    "B_centered": [
     0.8097572326660156,
     0.8070075511932373,
     0.8118804350495339
    ],
    "B_raw": 0.581304669380188,
    "B_sign": 0.7449363102335863,
    "delta": 0.06278204917907715,
    "delta_ci": [
     0.06080408990383148,
     0.06481615155935287
    ],
    "delta_ci_excludes_zero": true,
    "delta_n_cell": 15315,
    "delta_positive_and_significant": true,
    "file": "refit_shuf_2.h5ad",
    "n_cell": 15315,
    "n_gene": 330,
    "origin": "기존",
    "shuf_seed": 2
   },
   {
    "A_centered": [
     0.8843486309051514,
     0.8826535403728485,
     0.8864649534225464
    ],
    "A_raw": 0.6172508597373962,
    "A_sign": 0.7774896478884601,
    "B_centered": [
     0.8424571752548218,
     0.83871561139822,
     0.8466272816061974
    ],
    "B_raw": 0.5238471627235413,
    "B_sign": 0.7598503090372425,
    "delta": 0.019705355167388916,
    "delta_ci": [
     0.018004222214221953,
     0.0216977596282959
    ],
    "delta_ci_excludes_zero": true,
    "delta_n_cell": 15315,
    "delta_positive_and_significant": true,
    "file": "refit_shufseed_b2_s103.h5ad",
    "n_cell": 15315,
    "n_gene": 330,
    "origin": "신규",
    "shuf_seed": 103
   },
   {
    "A_centered": [
     0.8843486309051514,
     0.8826535403728485,
     0.8864649534225464
    ],
    "A_raw": 0.6172508597373962,
    "A_sign": 0.7774896478884601,
    "B_centered": [
     0.8294224143028259,
     0.8262264579534531,
     0.8324740260839463
    ],
    "B_raw": 0.7182457447052002,
    "B_sign": 0.7638089911092233,
    "delta": 0.03939706087112427,
    "delta_ci": [
     0.03814386576414108,
     0.040971264243125916
    ],
    "delta_ci_excludes_zero": true,
    "delta_n_cell": 15315,
    "delta_positive_and_significant": true,
    "file": "refit_shufseed_b2_s204.h5ad",
    "n_cell": 15315,
    "n_gene": 330,
    "origin": "신규",
    "shuf_seed": 204
   },
   {
    "A_centered": [
     0.8843486309051514,
     0.8826535403728485,
     0.8864649534225464
    ],
    "A_raw": 0.6172508597373962,
    "A_sign": 0.7774896478884601,