{
  "seed": 20260719,
  "n_cells": 21878,
  "n_genes_used": 354,
  "nan_dropped": {
    "MultiVelo": 0,
    "MoFlow": 0,
    "CRAK-Velo": 0,
    "MultiVeloVAE": 0,
    "scVelo(RNA)": 151
  },
  "zerovar_dropped": {
    "MultiVelo": 0,
    "MoFlow": 0,
    "CRAK-Velo": 0,
    "MultiVeloVAE": 0,
    "scVelo(RNA)": 0
  },
  "pairs": [
    {
      "pair": "MultiVelo Ă— MoFlow",
      "kind": "multiomeĂ—multiome",
      "cell_cos_median": -0.0004557252977974713,
      "ci_lo": -0.0009009733330458403,
      "ci_hi": 0.00015388071187771857,
      "cell_cos_null_shuffled": 0.011658143252134323,
      "cell_cos_excess": -0.012113868549931794,
      "cell_cos_median_sdscaled": 0.02421310544013977,
      "gene_cos_median": -0.008450813591480255,
      "gene_cos_null_gene_shuffled": 0.001411727163940668,
      "gene_cos_excess": -0.009862540755420923,
      "gene_cos_frac_pos": 0.4689265536723164,
      "sign_agreement": 0.497036554274459,
      "n_sign_used": 5381067,
      "n_sign_excluded_zero": 2363745
    },
    {
      "pair": "MultiVelo Ă— CRAK-Velo",
      "kind": "multiomeĂ—multiome",
      "cell_cos_median": 0.04712708294391632,
      "ci_lo": 0.04461050406098366,
      "ci_hi": 0.049740973860025406,
      "cell_cos_null_shuffled": 0.12362952530384064,
      "cell_cos_excess": -0.07650244235992432,
      "cell_cos_median_sdscaled": -0.037656113505363464,
      "gene_cos_median": 0.11453960835933685,
      "gene_cos_null_gene_shuffled": 0.13475318253040314,
      "gene_cos_excess": -0.020213574171066284,
      "gene_cos_frac_pos": 0.5932203389830508,
      "sign_agreement": 0.5005734216563477,
      "n_sign_used": 6903297,
      "n_sign_excluded_zero": 841515
    },
    {
      "pair": "MultiVelo Ă— MultiVeloVAE",
      "kind": "multiomeĂ—multiome",
      "cell_cos_median": -0.4075244665145874,
      "ci_lo": -0.41917791962623596,
      "ci_hi": -0.39673173427581787,
      "cell_cos_null_shuffled": -0.1449025273323059,
      "cell_cos_excess": -0.2626219391822815,
      "cell_cos_median_sdscaled": 0.12681004405021667,
      "gene_cos_median": 0.3484192490577698,
      "gene_cos_null_gene_shuffled": 0.020347394049167633,
      "gene_cos_excess": 0.32807185500860214,
      "gene_cos_frac_pos": 0.6977401129943502,
      "sign_agreement": 0.5635718700788913,
      "n_sign_used": 6903297,
      "n_sign_excluded_zero": 841515
    },
    {
      "pair": "MultiVelo Ă— scVelo(RNA)",
      "kind": "multiomeĂ—RNA-only",
      "cell_cos_median": 0.24204328656196594,
      "ci_lo": 0.2389686554670334,
      "ci_hi": 0.2452787458896637,
      "cell_cos_null_shuffled": -0.07770490646362305,
      "cell_cos_excess": 0.319748193025589,
      "cell_cos_median_sdscaled": 0.40556347370147705,
      "gene_cos_median": 0.4115559160709381,
      "gene_cos_null_gene_shuffled": 0.031124886125326157,
      "gene_cos_excess": 0.38043102994561195,
      "gene_cos_frac_pos": 0.8163841807909604,
      "sign_agreement": 0.634854230287212,
      "n_sign_used": 5892685,
      "n_sign_excluded_zero": 1852127
    },
    {
      "pair": "MoFlow Ă— CRAK-Velo",
      "kind": "multiomeĂ—multiome",
      "cell_cos_median": -0.00044570775935426354,
      "ci_lo": -0.0009140221518464386,
      "ci_hi": 3.745934009202756e-05,
      "cell_cos_null_shuffled": -0.003093061037361622,
      "cell_cos_excess": 0.0026473532780073583,
      "cell_cos_median_sdscaled": -0.021490681916475296,
      "gene_cos_median": -0.047250814735889435,
      "gene_cos_null_gene_shuffled": -0.04242650792002678,
      "gene_cos_excess": -0.004824306815862656,
      "gene_cos_frac_pos": 0.4463276836158192,
      "sign_agreement": 0.5383853561122427,
      "n_sign_used": 6031076,
      "n_sign_excluded_zero": 1713736
    },
    {
      "pair": "MoFlow Ă— MultiVeloVAE",
      "kind": "multiomeĂ—multiome",
      "cell_cos_median": -0.015331254340708256,
      "ci_lo": -0.015951018780469894,
      "ci_hi": -0.014734435826539993,
      "cell_cos_null_shuffled": -0.018342172726988792,
      "cell_cos_excess": 0.0030109183862805367,
      "cell_cos_median_sdscaled": 0.004605910740792751,
      "gene_cos_median": -0.004836573731154203,
      "gene_cos_null_gene_shuffled": -0.01376744918525219,
      "gene_cos_excess": 0.008930875454097986,
      "gene_cos_frac_pos": 0.480225988700565,
      "sign_agreement": 0.5154978978875411,
      "n_sign_used": 6031076,
      "n_sign_excluded_zero": 1713736
    },
    {
      "pair": "MoFlow Ă— scVelo(RNA)",
      "kind": "multiomeĂ—RNA-only",
      "cell_cos_median": -0.010149906389415264,
      "ci_lo": -0.01064358837902546,
      "ci_hi": -0.009538219310343266,
      "cell_cos_null_shuffled": -0.007130780257284641,
      "cell_cos_excess": -0.003019126132130623,
      "cell_cos_median_sdscaled": -5.385820259107277e-05,
      "gene_cos_median": -0.02364043891429901,
      "gene_cos_null_gene_shuffled": -0.02274353988468647,
      "gene_cos_excess": -0.0008968990296125412,
      "gene_cos_frac_pos": 0.4519774011299435,
      "sign_agreement": 0.5162461192290586,
      "n_sign_used": 4993531,
      "n_sign_excluded_zero": 2751281
    },
    {
      "pair": "CRAK-Velo Ă— MultiVeloVAE",
      "kind": "multiomeĂ—multiome",
      "cell_cos_median": -0.4110316038131714,
      "ci_lo": -0.4187341332435608,
      "ci_hi": -0.40415874123573303,
      "cell_cos_null_shuffled": -0.4099482297897339,
      "cell_cos_excess": -0.0010833740234375,
      "cell_cos_median_sdscaled": 0.020298033952713013,
      "gene_cos_median": 0.29677051305770874,
      "gene_cos_null_gene_shuffled": 0.2948354482650757,
      "gene_cos_excess": 0.0019350647926330566,
      "gene_cos_frac_pos": 0.7740112994350282,
      "sign_agreement": 0.5830592143489086,
      "n_sign_used": 7744812,
      "n_sign_excluded_zero": 0
    },
    {
      "pair": "CRAK-Velo Ă— scVelo(RNA)",
      "kind": "multiomeĂ—RNA-only",
      "cell_cos_median": -0.1693515032529831,
      "ci_lo": -0.17246316373348236,
      "ci_hi": -0.16634027659893036,
      "cell_cos_null_shuffled": -0.1896628737449646,
      "cell_cos_excess": 0.020311370491981506,
      "cell_cos_median_sdscaled": 0.04265386983752251,
      "gene_cos_median": 0.34209075570106506,
      "gene_cos_null_gene_shuffled": 0.34923070669174194,
      "gene_cos_excess": -0.00713995099067688,
      "gene_cos_frac_pos": 0.731638418079096,
      "sign_agreement": 0.620577126779109,
      "n_sign_used": 6415852,
      "n_sign_excluded_zero": 1328960
    },
    {
      "pair": "MultiVeloVAE Ă— scVelo(RNA)",
      "kind": "multiomeĂ—RNA-only",
      "cell_cos_median": 0.27130287885665894,
      "ci_lo": 0.2668173015117645,
      "ci_hi": 0.27531924843788147,
      "cell_cos_null_shuffled": 0.21662434935569763,
      "cell_cos_excess": 0.054678529500961304,
      "cell_cos_median_sdscaled": 0.41981393098831177,
      "gene_cos_median": 0.4099881649017334,
      "gene_cos_null_gene_shuffled": 0.13205182552337646,
      "gene_cos_excess": 0.27793633937835693,
      "gene_cos_frac_pos": 0.8757062146892656,
      "sign_agreement": 0.6431083510031091,
      "n_sign_used": 6415852,
      "n_sign_excluded_zero": 1328960
    }
  ],
  "contrastA": {
    "mm_median": -0.13901807367801666,
    "mm_ci": [
      -0.13952067494392395,
      -0.13844577968120575
    ],
    "mr_median": 0.07962562143802643,
    "mr_ci": [
      0.07839135080575943,
      0.08082682639360428
    ],
    "paired_delta_median": -0.20599743723869324,
    "paired_delta_ci": [
      -0.20730680227279663,
      -0.20474497973918915
    ],
    "ci_disjoint": false,
    "delta_excludes_zero": false
  },
  "contrastB": [
    {
      "arm": "MultiVelo",
      "n_genes": 354,
      "self_vs_scrambled_median": 0.7316573858261108,
      "ci": [
        0.7267511487007141,
        0.7375016212463379
      ],
      "sign_agreement": 0.7888454575119155,
      "n_sign_used": 6662362,
      "n_sign_excluded_zero": 1082450,
      "vs_other_methods": {
        "MoFlow": -0.0004557252977974713,
        "CRAK-Velo": 0.04712708294391632,